month,residuals
1,-0.012919218906398439
2,0.6464065965287524
3,1.3555691060034105
4,2.561858056609737
5,2.9828908252739654
6,2.3164727280336
7,0.7762974070638321
8,-1.3012125085703692
9,-3.1280743962808875
10,-3.3095198418856313
11,-2.081486740992047
12,-0.9215065857478077
