{"amp": 1.0065830915544038, "phase_shift": 1.9492927590325708, "mean": 0.037255364720834766, "period": 12}